{
    "properties": [
        {
            "id": 1,
            "name": "Luxury Apartment with a View",
            "type": "Apartment",
            "city": "Mumbai",
            "price": "1 Crore",
            "beds": 3,
            "area": "1500 sqft",
            "location": "Downtown Area",
            "image": "../assets/properties/property-1.jpeg"
        },
        {
            "id": 2,
            "name": "Spacious Suburban Bungalow",
            "type": "Bungalow",
            "city": "Pune",
            "price": "2 Crores",
            "beds": 4,
            "area": "2500 sqft",
            "location": "Suburban Retreat",
            "image": "../assets/properties/property-2.jpeg"
        },
        {
            "id": 3,
            "name": "Scenic Green Farmhouse",
            "type": "Farmhouse",
            "city": "Bangalore",
            "price": "3 Crores",
            "beds": 5,
            "area": "3500 sqft",
            "location": "Green Haven",
            "image": "../assets/properties/property-3.jpeg"
        },
        {
            "id": 4,
            "name": "Seaside Luxury Apartment",
            "type": "Apartment",
            "city": "Mumbai",
            "price": "1.5 Crores",
            "beds": 2,
            "area": "1200 sqft",
            "location": "Seaside View",
            "image": "../assets/properties/property-4.jpeg"
        },
        {
            "id": 5,
            "name": "Hilltop Bungalow Oasis",
            "type": "Bungalow",
            "city": "Pune",
            "price": "2.5 Crores",
            "beds": 5,
            "area": "3000 sqft",
            "location": "Hilltop Oasis",
            "image": "../assets/properties/property-5.jpeg"
        },
        {
            "id": 6,
            "name": "Tranquil Countryside Farmhouse",
            "type": "Farmhouse",
            "city": "Bangalore",
            "price": "3.5 Crores",
            "beds": 4,
            "area": "4000 sqft",
            "location": "Countryside Charm",
            "image": "../assets/properties/property-6.jpeg"
        },
        {
            "id": 7,
            "name": "City Center Apartment",
            "type": "Apartment",
            "city": "Chennai",
            "price": "90 Lakhs",
            "beds": 2,
            "area": "1100 sqft",
            "location": "City Center",
            "image": "../assets/properties/property-7.jpeg"
        },
        {
            "id": 8,
            "name": "Lakefront Bungalow",
            "type": "Bungalow",
            "city": "Hyderabad",
            "price": "1.2 Crores",
            "beds": 4,
            "area": "2800 sqft",
            "location": "Lakefront Serenity",
            "image": "../assets/properties/property-8.jpeg"
        },
        {
            "id": 9,
            "name": "Riverside Farmhouse Estate",
            "type": "Farmhouse",
            "city": "Mumbai",
            "price": "5 Crores",
            "beds": 6,
            "area": "5000 sqft",
            "location": "Riverside Estate",
            "image": "../assets/properties/property-9.jpeg"
        },
        {
            "id": 10,
            "name": "Harbor View Apartment",
            "type": "Apartment",
            "city": "Chennai",
            "price": "85 Lakhs",
            "beds": 3,
            "area": "1300 sqft",
            "location": "Harbor Views",
            "image": "../assets/properties/property-10.jpeg"
        },
        {
            "id": 11,
            "name": "Suburban Bliss Bungalow",
            "type": "Bungalow",
            "city": "Hyderabad",
            "price": "1.5 Crores",
            "beds": 4,
            "area": "2400 sqft",
            "location": "Suburban Bliss",
            "image": "../assets/properties/property-11.jpeg"
        },
        {
            "id": 12,
            "name": "Nature's Retreat Farmhouse",
            "type": "Farmhouse",
            "city": "Chennai",
            "price": "4 Crores",
            "beds": 5,
            "area": "4500 sqft",
            "location": "Nature's Retreat",
            "image": "../assets/properties/property-12.jpeg"
        },
        {
            "id": 13,
            "name": "Urban Living Apartment",
            "type": "Apartment",
            "city": "Bangalore",
            "price": "1.2 Crores",
            "beds": 2,
            "area": "1250 sqft",
            "location": "Urban Living",
            "image": "../assets/properties/property-13.jpeg"
        },
        {
            "id": 14,
            "name": "Mountain View Bungalow",
            "type": "Bungalow",
            "city": "Pune",
            "price": "2.2 Crores",
            "beds": 4,
            "area": "2800 sqft",
            "location": "Mountain View",
            "image": "../assets/properties/property-14.jpeg"
        },
        {
            "id": 15,
            "name": "Serenade Valley Farmhouse",
            "type": "Farmhouse",
            "city": "Hyderabad",
            "price": "3.2 Crores",
            "beds": 5,
            "area": "3800 sqft",
            "location": "Serenade Valley",
            "image": "../assets/properties/property-15.jpeg"
        },
        {
            "id": 16,
            "name": "Coastal Paradise Apartment",
            "type": "Apartment",
            "city": "Chennai",
            "price": "95 Lakhs",
            "beds": 3,
            "area": "1400 sqft",
            "location": "Coastal Paradise",
            "image": "../assets/properties/property-16.jpeg"
        },
        {
            "id": 17,
            "name": "Luxury Villa Bungalow",
            "type": "Bungalow",
            "city": "Mumbai",
            "price": "2.8 Crores",
            "beds": 4,
            "area": "2600 sqft",
            "location": "Luxury Villa",
            "image": "../assets/properties/property-17.jpeg"
        },
        {
            "id": 18,
            "name": "Scenic Heights Farmhouse",
            "type": "Farmhouse",
            "city": "Bangalore",
            "price": "4.5 Crores",
            "beds": 6,
            "area": "4200 sqft",
            "location": "Scenic Heights",
            "image": "../assets/properties/property-18.jpeg"
        },
        {
            "id": 19,
            "name": "Cityscape Living Apartment",
            "type": "Apartment",
            "city": "Pune",
            "price": "1.8 Crores",
            "beds": 3,
            "area": "1350 sqft",
            "location": "Cityscape Living",
            "image": "../assets/properties/property-19.jpeg"
        },
        {
            "id": 20,
            "name": "Gated Community Bungalow",
            "type": "Bungalow",
            "city": "Chennai",
            "price": "2.3 Crores",
            "beds": 5,
            "area": "2900 sqft",
            "location": "Gated Community",
            "image": "../assets/properties/property-20.jpeg"
        },
        {
            "id": 21,
            "name": "Rural Retreat Farmhouse",
            "type": "Farmhouse",
            "city": "Hyderabad",
            "price": "3.8 Crores",
            "beds": 4,
            "area": "4000 sqft",
            "location": "Rural Retreat",
            "image": "../assets/properties/property-21.jpeg"
        },
        {
            "id": 22,
            "name": "Harborfront Residence Apartment",
            "type": "Apartment",
            "city": "Mumbai",
            "price": "1.3 Crores",
            "beds": 2,
            "area": "1100 sqft",
            "location": "Harborfront Residence",
            "image": "../assets/properties/property-22.jpeg"
        },
        {
            "id": 23,
            "name": "Valley Retreat Bungalow",
            "type": "Bungalow",
            "city": "Pune",
            "price": "2.7 Crores",
            "beds": 5,
            "area": "3200 sqft",
            "location": "Valley Retreat",
            "image": "../assets/properties/property-23.jpeg"
        },
        {
            "id": 24,
            "name": "Hillside Haven Farmhouse",
            "type": "Farmhouse",
            "city": "Bangalore",
            "price": "4.2 Crores",
            "beds": 6,
            "area": "4400 sqft",
            "location": "Hillside Haven",
            "image": "../assets/properties/property-24.jpeg"
        },
        {
            "id": 25,
            "name": "Seaview Heights Apartment",
            "type": "Apartment",
            "city": "Chennai",
            "price": "88 Lakhs",
            "beds": 3,
            "area": "1200 sqft",
            "location": "Seaview Heights",
            "image": "../assets/properties/property-25.jpeg"
        },
        {
            "id": 26,
            "name": "Lakeview Residence Bungalow",
            "type": "Bungalow",
            "city": "Hyderabad",
            "price": "1.1 Crores",
            "beds": 4,
            "area": "2600 sqft",
            "location": "Lakeview Residence",
            "image": "../assets/properties/property-26.jpeg"
        },
        {
            "id": 27,
            "name": "Riverside Paradise Farmhouse",
            "type": "Farmhouse",
            "city": "Mumbai",
            "price": "4.8 Crores",
            "beds": 6,
            "area": "4800 sqft",
            "location": "Riverside Paradise",
            "image": "../assets/properties/property-27.jpeg"
        },
        {
            "id": 28,
            "name": "City Oasis Apartment",
            "type": "Apartment",
            "city": "Chennai",
            "price": "90 Lakhs",
            "beds": 2,
            "area": "1100 sqft",
            "location": "City Oasis",
            "image": "../assets/properties/property-28.jpeg"
        },
        {
            "id": 29,
            "name": "Hillside Retreat Bungalow",
            "type": "Bungalow",
            "city": "Pune",
            "price": "2.5 Crores",
            "beds": 4,
            "area": "2800 sqft",
            "location": "Hillside Retreat",
            "image": "../assets/properties/property-29.jpeg"
        },
        {
            "id": 30,
            "name": "Lakefront Paradise Farmhouse",
            "type": "Farmhouse",
            "city": "Hyderabad",
            "price": "5 Crores",
            "beds": 5,
            "area": "5000 sqft",
            "location": "Lakefront Paradise",
            "image": "../assets/properties/property-30.jpeg"
        }
    ]
}
